{
    "swagger": "2.0",
    "info": {
        "version": "1.0.0",
        "title": "FSSAI Application",
        "description": " FSSAI Application API"
    },
    "host": "localhost:3000",
    "basePath": "/api",
    "schemes": [
        "http"
    ],
    "consumes": [
        "application/json"
    ],
    "produces": [
        "application/json"
    ],
    "paths": {
        "/automcomplete-data": {
            "get": {
                "tags": [
                    "Master Data"
                ],
                "summary": "Get category list ",
                "description": "Get category list",
                "parameters": [
                    {
                        "name": "type",
                        "in": "query",
                        "required": true,
                        "type": "string",
                        "description": "Add category type",
                        "enum": [
                            "foodCategory",
                            "targetPopulation",
                            "servingSize",
                            "servingType",
                            "customerList"
                        ]
                    },
                    {
                        "name": "searchStr",
                        "in": "query",
                        "type": "string",
                        "description": "Search string"
                    }
                ],
                "security": [
                    {
                        "apiKey": []
                    }
                ],
                "produces": [
                    "application/json"
                ],
                "responses": {
                    "200": {
                        "description": "Category found successfully.",
                        "schema": {
                            "$ref": "#/definitions/CategoryItemList"
                        }
                    }
                }
            }
        },
        "/project": {
            "post": {
                "tags": [
                    "Project"
                ],
                "summary": "Add project ",
                "description": "Add project",
                "parameters": [
                    {
                        "name": "payload",
                        "in": "body",
                        "required": true,
                        "type": "string",
                        "description": "Add Project detail",
                        "schema": {
                            "$ref": "#/definitions/Project"
                        }
                    }
                ],
                "security": [
                    {
                        "apiKey": []
                    }
                ],
                "produces": [
                    "application/json"
                ],
                "responses": {
                    "201": {
                        "description": "Project created successfully.",
                        "schema": {
                            "$ref": "#/definitions/Project"
                        }
                    }
                }
            }
        }
    },
    "securityDefinitions": {
        "apiKey": {
            "type": "apiKey",
            "in": "header",
            "name": "Authorization",
            "template": "Bearer {apiKey}"
        }
    },
    "definitions": {
        "Category": {
            "properties": {
                "categoryId": {
                    "type": "integer"
                },
                "categoryType": {
                    "type": "string"
                },
                "createdAt": {
                    "type": "string"
                },
                "updatedAt": {
                    "type": "string"
                }
            }
        },
        "CategoryItems": {
            "properties": {
                "id": {
                    "type": "integer"
                },
                "itemName": {
                    "type": "string"
                },
                "isActive": {
                    "type": "integer"
                },
                "createdAt": {
                    "type": "string"
                },
                "updatedAt": {
                    "type": "string"
                },
                "categoryId": {
                    "type": "integer"
                }
            }
        },
        "CategoryItemList": {
            "type": "array",
            "items": {
                "$ref": "#/definitions/CategoryItems"
            }
        },
        "Project": {
            "properties": {
                "title": {
                    "type": "string",
                    "required": true
                },
                "description": {
                    "type": "string",
                    "required": true
                },
                "companyName": {
                    "type": "string",
                    "required": true
                },
                "startDate": {
                    "type": "string",
                    "required": true
                },
                "endDate": {
                    "type": "string",
                    "required": true
                },
                "isFormulation": {
                    "type": "boolean",
                    "required": true
                },
                "isLabelValidation": {
                    "type": "boolean",
                    "required": true
                }
            }
        }
    }
}