[
    {
        "category": "Health Supplement"
    },
    {
        "category": "Nutraceuticals"
    },
    {
        "category": "FSDO"
    },
    {
        "category": "FSDO Weight Management"
    },
    {
        "category": "FSDO Partial Mill Replacement"
    },
    {
        "category": "FSDO Complete Mill Replacement"
    },
    {
        "category": "FSMP"
    },
    {
        "category": "FSMP Partial Mill Replacement"
    },
    {
        "category": "FSMP Complete Diet Replacement"
    },
    {
        "category": "FSMP Weight Reduction"
    },
    {
        "category": "Prebiotic"
    },
    {
        "category": "Probiotic"
    },
    {
        "category": "Proprietary Food"
    },
    {
        "category": "Standard Food"
    }
]